{
    "fopdt": {
        "K": 0.6992474045034158,
        "tau": 0.10119901590067285,
        "L": 0.28345752173943994
    },
    "sopdt": {
        "K": 0.6995790168924338,
        "zeta": 0.6217046748506049,
        "omega_n": 5.009994695126522,
        "L": 0.10500769838870753
    },
    "gain_delay": {
        "K": 0.6920012148977163,
        "L": 0.3539784971828738
    },
    "yaw_sopdt": {
        "K": 0.6216379269651733,
        "zeta": 0.6802781577385647,
        "omega_n": 3.8060147999560945,
        "L": 0.10965650169806428
    },
    "yaw_fopdt": {
        "K": 0.6208730616658606,
        "tau": 0.14604917764872133,
        "L": 0.3644061334327479
    },
    "longitudinal": {
        "K_acc": 0.1,
        "offset": 0.8659606560050067,
        "C_corner": 0.041809563747582754,
        "C_drag": 0.10966344060768725
    }
}
